{
    "total_runtime": 72.54619908332825,
    "num_documents": 1,
    "input_load_time": 0,
    "workflows": {
        "create_base_text_units": {
            "overall": 2.0156188011169434
        },
        "create_final_documents": {
            "overall": 0.032289981842041016
        },
        "extract_graph": {
            "overall": 37.53910708427429
        },
        "compute_communities": {
            "overall": 7.836798906326294
        },
        "create_final_entities": {
            "overall": 0.02048206329345703
        },
        "create_final_relationships": {
            "overall": 0.023740768432617188
        },
        "create_final_nodes": {
            "overall": 0.02974534034729004
        },
        "create_final_communities": {
            "overall": 0.0542910099029541
        },
        "create_final_text_units": {
            "overall": 0.036425113677978516
        },
        "create_final_community_reports": {
            "overall": 22.49611520767212
        },
        "generate_text_embeddings": {
            "overall": 2.451058864593506
        }
    }
}