{
    "total_runtime": 40.30930018424988,
    "num_documents": 1,
    "input_load_time": 0,
    "workflows": {
        "create_base_text_units": {
            "overall": 2.0285587310791016
        },
        "create_final_documents": {
            "overall": 0.02710890769958496
        },
        "extract_graph": {
            "overall": 20.348545789718628
        },
        "compute_communities": {
            "overall": 7.984947919845581
        },
        "create_final_entities": {
            "overall": 0.017263174057006836
        },
        "create_final_relationships": {
            "overall": 0.022499799728393555
        },
        "create_final_nodes": {
            "overall": 0.04908323287963867
        },
        "create_final_communities": {
            "overall": 0.044088125228881836
        },
        "create_final_text_units": {
            "overall": 0.0340731143951416
        },
        "create_final_community_reports": {
            "overall": 8.277498006820679
        },
        "generate_text_embeddings": {
            "overall": 1.4672460556030273
        }
    }
}